brand,category,trend_score
Nike,Men,909952.1000000001
Nike,Kids,891433.7000000001
Nike,Women,850183.6000000001
Adidas,Women,832617.7000000001
Adidas,Men,740998.9
Adidas,Kids,740199.6
SK,Men,417748.80000000005
ARF,Kids,211368.1
SK,Women,206894.1
ARF,Men,206339.6
ARF,Women,204913.30000000002
